PLAYER,AGE,TM,MAIN POS,OTHER POS,W,L,IP,HA,BB,K,ER,SV,ERA,WHIP,K/9,QS,GS,G,HRA,WERTH Roto Value,Pos-Adjusted WERTH Value,ADP
Tarik Skubal,29,DET,SP,,14.18531465,7.853990243,193,147.8810991,38.79487444,229.2152776,57.75966578,0,2.693455917,0.967233023,10.68879533,23,31.4,31,19.14775504,12.10099061,14.4917506,5
Paul Skenes,23,PIT,SP,,13.75499893,8.300453708,186,146.8315021,47.22584093,222.716592,58.03419765,0,2.808106338,1.043319048,10.77660929,21,32,32,16.39005124,9.607288809,11.9980488,9
Garrett Crochet,26,BOS,SP,,13.73452765,8.029700721,191,153.0689365,48.78156233,226.8732656,63.2491409,0,2.980326011,1.056808895,10.6903633,21,31.4,31,19.6913116,8.991990457,11.38275045,11
Bryan Woo,26,SEA,SP,,12.74066878,8.707970946,183,152.2735432,38.59211637,185.2862612,67.03121369,0,3.296617067,1.042981746,9.112439073,19,30.5,31,23.639261,6.523470246,8.91423024,36
Cristopher Sanchez,29,PHI,SP,,13.28977578,7.962466342,191,169.9270057,46.51513318,184.7025245,67.60257774,0,3.185461778,1.133204916,8.703260319,21,31.1,31,16.74229062,5.708699017,8.099459012,28
Logan Gilbert,28,SEA,SP,,11.05647883,7.849048812,163,133.3057602,38.53483732,185.8106432,59.18172028,0,3.267702347,1.054236794,10.25948337,17,29.032,29,20.59611807,5.209237844,7.599997838,38
Logan Webb,29,SF,SP,,13.12277148,9.605388582,199,185.4262836,45.39842054,188.3380261,72.1099686,0,3.261254861,1.159923136,8.517800174,21,32,32,16.1799136,5.137775285,7.528535279,47
Chris Sale,36,ATL,SP,,10.78322416,7.223454246,154,125.5277162,41.35615326,195.472228,55.24121321,0,3.22838259,1.08366149,11.42370164,16,25.808,25,16.71129567,4.691077264,7.081837258,39
Max Fried,32,NYY,SP,,13.3557374,8.13788443,183,158.2207133,53.25818953,172.9748921,66.8772415,0,3.289044664,1.15562242,8.506961908,19,30.056,30,17.40651456,4.449413526,6.84017352,45
Yoshinobu Yamamoto,27,LAD,SP,,12.25115985,6.543206494,160,131.296788,47.27065676,176.0891976,58.16270444,0,3.271652125,1.11604653,9.905017367,17,26.584,27,16.65077232,4.277716871,6.668476866,24
Jacob deGrom,37,TEX,SP,,10.56980625,8.167945721,161,131.3916944,38.93580011,177.531335,62.13827045,0,3.473567913,1.057934749,9.924111892,16,28.132,28,22.06561818,4.0712638,6.462023794,48
George Kirby,28,SEA,SP,,11.04084607,8.686696833,166,148.5060619,32.15157769,163.2295685,63.42903655,0,3.438923669,1.088299034,8.849795882,16,29.756,29,19.99779067,3.68632264,6.077082634,67
Zack Wheeler,35,PHI,SP,,10.09672864,6.307121,144,116.0808914,37.97616383,160.9224591,51.76145566,0,3.235090979,1.069840661,10.05765369,15,24.484,24,16.63272507,3.578192809,5.968952803,132
Hunter Brown,27,HOU,SP,,12.15892609,9.116378312,177,149.456484,58.11888231,193.314308,67.33950566,0,3.424042661,1.172742183,9.829541086,18,30.056,31,19.32147764,3.577062576,5.96782257,33
Cole Ragans,28,KC,SP,,10.35610384,7.061178192,150,119.6906659,51.68211026,194.70599,55.61111484,0,3.33666689,1.142485175,11.6823594,15,26.932,25,16.40624558,3.207318948,5.598078942,53
Joe Ryan,29,MIN,SP,,10.70355481,9.339069254,166,142.5718489,39.38210022,186.3079551,68.95879516,0,3.738729858,1.096108128,10.10103371,16,28.732,29,24.42640274,2.929386289,5.320146283,64
Jesus Luzardo,28,PHI,SP,,12.07033566,8.388481326,173,148.0064484,54.04896492,194.5020465,69.62627639,0,3.622176229,1.167950366,10.11860358,17,30.056,30,21.77560903,2.871186945,5.261946939,76
Framber Valdez,32,DET,SP,,12.69725828,9.266101189,187,168.1242088,62.29380362,174.1329201,72.56274965,0,3.49232485,1.232181885,8.380728773,19,29.756,30,15.79777328,2.182186712,4.572946707,79
Mason Miller,27,SD,RP,,3.986427949,2.115711438,65,40.24436281,24.48622115,100.1311824,17.33418644,31.3601,2.400118123,0.995855138,13.86431757,0,0,63,5.764267081,2.155389417,5.713103946,44
Dylan Cease,30,TOR,SP,,11.11452053,9.326277385,171,141.0856812,64.93342996,203.6778284,68.73352568,0,3.617553983,1.204790124,10.7198857,16,30.656,31,20.89136707,2.13458942,4.525349415,70
Sonny Gray,36,BOS,SP,,11.28885611,9.132646883,170,156.3020788,44.54127655,178.083391,70.39175811,0,3.726622488,1.181431502,9.427944231,16,29.756,30,20.69120445,1.635627427,4.026387421,103
Nathan Eovaldi,36,TEX,SP,,10.13472903,7.436750076,152,134.3091941,37.78994202,153.7705713,61.34823338,0,3.632461187,1.132231159,9.104836459,15,25.732,25,18.12051703,1.541232594,3.931992588,140
Nick Pivetta,33,SD,SP,,10.35172603,9.20857005,168,143.8060833,49.67676874,180.2881536,72.65924848,0,3.89245974,1.151683643,9.658293945,16,28.132,29,25.89545908,1.286022428,3.676782422,86
Freddy Peralta,29,NYM,SP,,10.97804099,8.372628961,162,133.8623335,60.29854674,181.1192777,67.43181036,0,3.746211687,1.198523952,10.0621821,15,29.332,30,21.60732008,1.158547635,3.54930763,58
Edwin Diaz,31,LAD,RP,,4.530028746,1.991053832,63,46.42506353,21.83982808,88.76580154,21.30851286,37.4279,3.044073265,1.083569708,12.68082879,0,0,63,6.614041717,1.151416308,4.709130838,45
Cade Smith,26,CLE,RP,,4.614450076,2.721425158,70,54.26194757,21.59594372,89.07717331,22.16187292,29.3937,2.849383661,1.083684161,11.45277943,0,0,70,6.20673726,0.974125069,4.531839599,60
Luis Castillo,33,SEA,SP,,11.08091655,9.627123244,175,157.0196041,49.38855504,162.8432964,75.24104686,0,3.869539553,1.179475195,8.3747981,16,30.056,31,24.03712349,0.832306341,3.223066336,139
Jhoan Duran,28,PHI,RP,,4.917318864,2.596405464,68,55.22008882,20.76977834,74.8676813,21.31021297,31.861,2.820469363,1.117498046,9.908957819,0,0,69,4.851363305,0.724412247,4.282126777,58
Ranger Suarez,30,BOS,SP,,11.06554439,8.526045041,165,157.6922032,44.56595804,149.8620684,68.83647343,0,3.754716733,1.225807038,8.174294638,16,28.432,28,17.41966946,0.649313585,3.377356509,165
Brandon Woodruff,33,MIL,SP,,8.671819324,7.104100121,135,115.5732225,35.59287732,150.1084111,56.40316784,0,3.760211189,1.119748888,10.00722741,12,25.508,23,19.71552253,0.475944463,2.866704457,112
Andres Munoz,27,SEA,RP,,3.817795989,2.314027676,63,45.99242924,24.58340301,78.0958597,19.4278214,32.4289,2.775403057,1.120251305,11.15655139,0,0,63,5.119727588,0.355213025,3.912927555,53
Drew Rasmussen,30,TB,SP,,9.287456577,8.980017092,152,137.8915198,39.51803366,133.5051447,61.7117983,0,3.653988057,1.167168115,7.904909886,13,30.056,30,17.53896366,0.253765989,2.644525984,164
Emmet Sheehan,26,LAD,SP,,9.303979782,6.678979468,125,102.1023145,41.98791982,149.7963783,51.43207903,0,3.70310969,1.152721874,10.78533924,12,21.96,33,18.0869586,0.216395706,2.607155701,145
Blake Snell,33,LAD,SP,,9.613069626,5.551979528,126,99.33592044,53.70637108,156.5975254,49.14069565,0,3.510049689,1.214621361,11.18553753,12,23.16,21,14.51464774,0.206551331,2.597311325,82
Devin Williams,31,NYM,RP,,4.411859779,2.28946493,62,45.2959112,25.52882958,84.38039935,20.47615462,30.9959,2.972345026,1.142334529,12.24876765,0,0,64,5.633000309,0.116307336,3.674021866,89
Kevin Gausman,35,TOR,SP,,11.14226475,9.774664852,176,161.5108942,51.08554447,172.465312,78.264341,0,4.002153801,1.207934311,8.819248911,16,30.056,30,24.18547284,0.097248809,2.488008803,103
Spencer Strider,27,ATL,SP,,9.796006586,9.017688699,154,132.2957434,53.51495037,181.6258144,66.89873114,0,3.909666106,1.206562946,10.61449565,14,26.708,26,20.35937133,0.073452299,2.464212293,103
Tanner Bibee,26,CLE,SP,,10.28581056,10.36089231,175,159.7890104,51.4858442,161.2011917,75.78369895,0,3.897447374,1.207284883,8.290346999,16,30.056,30,23.72398328,-0.028270876,2.362489118,178
Kyle Bradish,29,BAL,SP,,8.413303446,6.056851833,127,110.2283238,39.67717741,146.2503466,50.52453948,0,3.580479176,1.180358277,10.36419779,12,24.184,21,14.85349764,-0.127817497,2.262942497,79
Tyler Glasnow,32,LAD,SP,,8.89900344,5.572402767,124,100.788207,45.86579545,146.9862886,50.02084492,0,3.630545196,1.182693568,10.66835966,12,22.86,22,15.33776811,-0.167421031,2.223338963,107
Aroldis Chapman,37,BOS,RP,,3.894589285,2.327227541,58,41.34424662,25.629666,80.75739589,19.3367798,32.4078,3.000534797,1.154722631,12.53132005,0,0,61,5.29716013,-0.225812614,3.331901916,80
Shane McClanahan,28,TB,SP,,7.90009385,6.846632647,130,111.6045745,37.87140945,133.3198565,52.66207325,0,3.64583584,1.149815261,9.229836218,12,22.86,22,15.81728844,-0.298110554,2.092649441,229
David Bednar,31,NYY,RP,,4.02145181,2.277528705,63,49.52916018,21.01424566,73.36809766,22.60117551,31.9818,3.228739359,1.119736601,10.48115681,0,0,64,6.999692263,-0.307590063,3.250124467,83
Josh Hader,31,HOU,RP,,3.808685672,2.043155733,59,41.32776402,21.94345821,76.67842249,20.58552157,29.0755,3.140164307,1.072393597,11.69670851,0,0,57,7.637274353,-0.310689982,3.247024548,87
Shohei Ohtani,31,LAD,SP,DH,8.246293759,4.462349741,105,81.82785139,33.36252549,132.7891834,38.63507315,0,3.311577698,1.097051208,11.38193,10,20.836,20,12.84489613,-0.319693911,2.300922869,2
MacKenzie Gore,27,TEX,SP,,9.668817707,9.361200237,159,137.0906949,59.77628201,176.0144134,67.89326319,0,3.843014897,1.238157087,9.963080005,14,29.032,29,20.12457631,-0.326797571,2.063962423,150
Matthew Boyd,35,CHC,SP,,9.980193601,8.554884427,160,146.1619514,45.28682522,145.0728642,70.03155374,0,3.939274898,1.196554854,8.160348613,14,28.132,28,21.84908846,-0.550457285,1.840302709,195
Eury Perez,22,MIA,SP,,8.158557929,8.505185564,131,109.7358058,43.37870815,149.8092575,55.56916725,0,3.817729048,1.168813083,10.29223906,10,27.308,26,18.61215343,-0.552222101,1.838537893,99
Chase Burns,23,CIN,RP,SP,6.983845762,7.397884572,112,94.52571087,34.0441445,142.1044273,44.65070745,0,3.588003277,1.147945137,11.41910577,10,21.012,26,15.19023388,-0.569565506,2.988149024,115
Aaron Nola,32,PHI,SP,,10.24010492,9.438183165,166,155.0188747,43.84959047,164.8622233,75.88070828,0,4.114014304,1.198002802,8.938313312,14,28.856,27,24.4756406,-0.617122625,1.773637369,197
Trey Yesavage,22,TOR,SP,,8.052437093,8.378117237,126,101.728957,48.8332938,149.1795898,51.54590488,0,3.681850349,1.194938498,10.65568499,11,23.536,33,15.63898389,-0.636052968,1.754707026,127
Michael King,30,SD,SP,,8.943571242,7.854073879,148,129.9633789,51.52884495,156.7219199,62.55181092,0,3.80382634,1.226298809,9.530387019,13,26.932,25,19.20467924,-0.735737482,1.655022512,137
Jack Flaherty,30,DET,SP,,9.77979165,9.516483617,154,137.5562793,53.88067052,172.3787739,67.39672359,0,3.938769561,1.243097077,10.07408419,13,28.132,29,20.72367478,-0.775821107,1.614938887,195
Carlos Rodon,33,NYY,SP,,10.10487022,8.332433849,146,123.8136187,53.36204278,151.0664467,64.16112222,0,3.955137671,1.213531928,9.31231521,13,26.708,28,20.73517008,-0.782442295,1.608317699,187
Hunter Greene,26,CIN,SP,,7.280531749,6.079260896,105,86.02047165,34.37074343,145.5016467,44.10635827,0,3.780544995,1.146583001,12.47156972,10,17.616,18,15.82550814,-0.943184133,1.447575861,45
Shota Imanaga,32,CHC,SP,,9.024444362,8.647871554,148,137.2085705,33.17942249,141.5814671,68.18003303,0,4.14608309,1.151270223,8.609683808,13,25.684,26,25.82107371,-0.982237239,1.408522755,173
Gerrit Cole,35,NYY,SP,,8.071492999,5.95961796,127,109.5173407,36.55869384,120.0576392,53.66016869,0,3.80268912,1.150204996,8.508021675,12,21.736,21,18.2194662,-0.99841657,1.392343424,193
Ryan Pepiot,28,TB,SP,,9.551508485,10.47770098,162,140.6090502,57.63552105,166.3089471,72.9176568,0,4.050980933,1.223731921,9.239385953,14,29.756,30,23.84685135,-1.015932844,1.374827151,142
Nick Lodolo,28,CIN,SP,,8.696013816,9.119007502,147,135.4047497,39.53730901,149.2889689,65.46005107,0,4.007758229,1.190082032,9.140140953,12,27.008,28,20.89052268,-1.070639107,1.320120888,135
Griffin Jax,31,TB,RP,,3.99918919,2.793432901,67,53.18397446,19.19110889,81.21762313,21.75479768,12.3831,2.922286255,1.080225125,10.90982997,0,0.3,69,6.226710961,-1.172415425,2.385299105,261
Nolan McLean,24,NYM,SP,,9.814136387,7.427381468,146,130.196189,53.1973117,143.4354977,61.59742619,0,3.797101614,1.256119867,8.84191424,13,25.984,24,15.63770733,-1.17504122,1.215718774,101
Jacob Misiorowski,23,MIL,SP,,8.358755937,8.057972311,130,103.6889425,57.38390658,152.9018594,55.20962782,0,3.822205003,1.239021916,10.58551334,12,23.76,28,16.62362857,-1.346800787,1.043959208,113
Edward Cabrera,27,CHC,SP,,8.531288145,7.805048832,135,113.8895369,53.05180472,142.8502743,57.40564981,0,3.827043321,1.23660253,9.523351617,12,25.684,26,15.80199443,-1.460924805,0.929835189,196
Jeff Hoffman,33,TOR,RP,,3.937842862,2.665338171,63,50.77546554,22.98798883,73.82463884,25.15764213,27.7084,3.593948876,1.170848482,10.54637698,0,0,64,7.855697733,-1.510951317,2.046763213,133
Joe Musgrove,33,SD,SP,,7.823270351,7.601733217,134,123.6887068,34.92753095,126.8651095,58.33559227,0,3.918062168,1.183703267,8.520790934,12,24.308,23,18.19086986,-1.582316593,0.808443402,235
Daniel Palencia,26,CHC,RP,,3.754267255,2.884305402,64,52.5064533,25.40799846,73.99920281,24.80508033,28.5385,3.488214421,1.217413309,10.4061379,0,0.9,60,6.84636459,-1.623781011,1.933933519,144
Raisel Iglesias,36,ATL,RP,,3.59900273,2.515201939,63,55.52924011,16.79991443,68.00601398,25.72051259,28.2565,3.674358942,1.148081818,9.715144854,0,0,65,8.178261264,-1.652547187,1.905167343,106
Grant Taylor,23,CHW,RP,,4.382149158,3.31020148,80,64.09047262,27.8212824,99.81487597,27.80426855,5.3855,3.127980212,1.148896938,11.22917355,0,4.548,63,7.26251799,-1.664679533,1.893034997,374
Abner Uribe,25,MIL,RP,,3.85357839,2.433141332,70,53.37358128,30.54556815,78.91080007,23.35497644,16.7483,3.002782685,1.198844992,10.14567429,0,0,71,5.300411864,-1.672621113,1.885093417,198
Sean Manaea,34,NYM,SP,,7.911296508,7.914161139,124,109.0993889,38.21251533,135.0789528,54.93605509,0,3.987294321,1.187999228,9.80411754,12,20.112,33,17.57621206,-1.701188496,0.689571498,319
Ryan Helsley,31,BAL,RP,,3.712718638,2.550332183,62,51.47596518,22.80489935,68.09050775,23.90813266,26.9266,3.470535386,1.19807846,9.884105964,0,0,61,7.052920146,-1.803284207,1.754430323,120
Spencer Schwellenbach,25,ATL,SP,,5.941343395,5.027132017,98,87.8316956,20.68442309,81.04656011,38.02875674,0,3.492436843,1.107307334,7.443051439,10,16.416,17,11.29310041,-1.896052373,0.494707621,138
Kris Bubic,28,KC,SP,,8.844250617,7.789563142,133,124.0543388,43.36508689,133.8068103,56.87145859,0,3.848444566,1.258792675,9.054596188,13,22.56,29,14.97729796,-1.91925741,0.471502584,192
Gavin Williams,26,CLE,SP,,9.323333179,9.818988389,164,143.048222,70.03752314,166.4182434,71.78063133,0,3.939180988,1.299303324,9.132708481,14,30.356,30,20.49944585,-1.922279508,0.468480487,145
Zac Gallen,30,ARI,SP,,11.03244304,10.66278011,180,171.490016,59.15059789,167.467005,83.41600457,0,4.170800229,1.281336744,8.373350251,16,30.656,31,23.15126875,-1.945735541,0.445024453,213
Shane Bieber,30,TOR,SP,,7.520844116,6.804327099,116,108.4124886,27.68321834,104.4405221,49.47870064,0,3.838864705,1.173238853,8.103143953,11,19.088,24,14.7537053,-2.019285761,0.371474234,198
Robbie Ray,34,SF,SP,,9.802305407,10.15874182,166,148.4288244,63.4832686,178.0335251,77.40484655,0,4.196648307,1.276578874,9.652420033,14,29.756,30,24.46758181,-2.034605263,0.356154731,156
Trevor Megill,32,MIL,RP,,3.946742351,2.52465652,60,48.14200589,20.92483783,74.77708947,22.67593051,17.2257,3.401389576,1.151114062,11.21656342,0,0.3,59,7.033175212,-2.163733313,1.393981216,134
Sandy Alcantara,30,MIA,SP,,9.956125993,10.8089867,176,170.1304475,51.81780345,140.742889,79.91804114,0,4.086718013,1.261069608,7.197079552,16,29.456,30,20.43316892,-2.177157865,0.213602129,157
Emilio Pagan,34,CIN,RP,,3.288136061,2.499738222,64,53.94052593,21.60494556,72.71490461,28.1190101,28.3061,3.954235795,1.180397992,10.22553346,0,0,64,10.37813544,-2.196014438,1.361700091,141
Bryce Miller,27,SEA,SP,,8.292460472,7.803101285,136,123.7197421,41.10398197,122.7978732,61.35986377,0,4.06057922,1.211939147,8.126329846,11,25.084,24,20.06988629,-2.281012764,0.10974723,244
Pete Fairbanks,32,MIA,RP,,3.250997055,2.553183916,59,51.2544564,20.58223176,61.13527643,23.04031602,27.0523,3.514624478,1.217570986,9.325720133,0,0,60,5.978182912,-2.302030385,1.255684145,146
Cody Ponce,31,TOR,SP,,7.612802584,8.079825566,132,122.6831233,39.06057908,139.3208025,59.84151486,0,4.080103286,1.225331078,9.499145625,13,19.988,37,17.58551726,-2.378129776,0.012630218,297
Jose Soriano,27,LAA,SP,,10.21468512,10.24848904,164,151.2058159,69.50863203,147.2944051,69.52123852,0,3.815189919,1.345819805,8.083229546,15,28.856,31,13.84299682,-2.390759994,0,311
Ryan Walker,30,SF,RP,,3.582203861,2.890515644,63,56.57638633,20.01088152,64.56724982,24.60969568,23.4405,3.515670811,1.215670918,9.223892831,0,0.6,64,5.95582076,-2.394692231,1.163022299,204
Merrill Kelly,37,ARI,SP,,9.674098048,9.060323619,159,152.6552334,47.42894984,144.2947031,73.7181988,0,4.172728234,1.25839109,8.167624702,14,27.608,28,21.06345803,-2.398522574,-0.00776258,214
Grayson Rodriguez,26,LAA,SP,,6.630967977,7.211993713,115,102.6971127,37.10212224,120.6436966,48.93963619,0,3.830058484,1.215645522,9.4416806,10,21.736,21,14.93841649,-2.417910273,-0.027150278,298
Bryan Abreu,28,HOU,RP,,4.162082889,2.588349222,69,52.42100552,28.72241358,89.45220601,24.34562278,6.2352,3.175516015,1.175991581,11.66767904,0,0,69,7.082139307,-2.446935102,1.110779428,274
Shane Baz,26,BAL,SP,,9.188028901,9.019288096,149,135.5657322,53.35212368,148.1952288,68.75839433,0,4.153191604,1.267905073,8.951389658,12,27.608,28,20.95792278,-2.513408536,-0.122648542,214
Reynaldo Lopez,32,ATL,SP,,8.482278322,9.19997014,130,118.411118,44.18061842,131.5106682,58.49140439,0,4.049404919,1.250705665,9.104584718,12,21.66,37,16.4805773,-2.523417371,-0.132657376,367
Reid Detmers,26,LAA,RP,,7.711952691,10.64194784,133,119.7517311,47.62025496,146.4741232,60.24209693,0.3,4.076532875,1.258435986,9.911782772,12,21.96,40,18.34467067,-2.587297685,0.970416845,355
Justin Steele,30,CHC,SP,,6.016500804,5.429644096,96,87.04802443,26.32427962,79.23022838,37.52836761,0,3.518284464,1.180961501,7.427833911,9,17.616,19,10.73023437,-2.709812084,-0.319052089,336
Bailey Ober,30,MIN,SP,,8.536907675,9.699533579,154,148.5365968,37.33946112,140.3697987,75.07572295,0,4.38754225,1.206987389,8.203429795,12,27.608,28,26.24664176,-2.718730311,-0.327970317,288
Andrew Abbott,26,CIN,SP,,9.538729453,9.813767059,167,157.6127597,50.96125564,150.8261663,80.47952613,0,4.337219971,1.2489462,8.128356266,14,29.332,29,27.73171217,-2.733626746,-0.342866751,188
Casey Mize,28,DET,SP,,8.658753859,8.421794769,140,136.0379478,38.52441992,121.0732073,63.78627376,0,4.10054617,1.246874055,7.783277613,11,27.008,27,18.8247844,-2.785850699,-0.395090705,268
David Peterson,30,NYM,SP,,10.20906613,8.790168676,159,151.8910116,60.77535641,142.5591771,69.92772612,0,3.958173177,1.337524327,8.069387384,14,28.432,29,16.10671802,-2.808581718,-0.417821724,307
Joey Cantillo,26,CLE,RP,SP,7.067710209,8.921863305,129,112.2175265,54.24564889,134.2374037,54.88374207,0.1,3.829098284,1.290412212,9.365400256,13,20.112,45,15.41110493,-2.81481592,0.74289861,305
Cam Schlittler,25,NYY,SP,,7.94103128,7.081418999,125,111.0904943,46.61782611,126.3405529,55.67387723,0,4.008519161,1.261666563,9.096519809,10,23.536,23,16.00063244,-2.832725848,-0.441965854,129
Jeremiah Estrada,27,SD,RP,,3.995423857,2.707523602,68,50.80751891,27.06696667,89.45897387,24.32732819,1.25,3.219793436,1.145213023,11.84015831,0,0,70,7.928521856,-2.84447287,0.71324166,312
Robert Garcia,29,TEX,RP,,3.497465707,2.833701259,62,53.94856538,21.70422843,65.44500081,24.81956658,19.904,3.602840311,1.220206352,9.500080762,0,0,64,6.986104086,-2.884895282,0.672819248,278
Garrett Whitlock,29,BOS,RP,,4.558191727,2.689002162,70,60.74825221,19.86141276,75.71540309,25.96330717,3.6258,3.338139493,1.151566642,9.73483754,0,1.5,61,7.124843579,-2.902581811,0.655132719,333
Cade Horton,24,CHC,SP,,7.826855144,7.159501658,127,116.4731794,39.2139254,109.3890459,57.24286049,0,4.056580664,1.225882715,7.751979629,10,24.36,24,17.45349476,-2.910515735,-0.51975574,190
Ryne Nelson,28,ARI,SP,RP,9.153827234,9.825298105,156,153.3414386,42.71191745,128.7296166,72.67790586,0.1,4.192956107,1.256752282,7.42670865,14,26.408,35,21.00122516,-2.914810639,-0.524050645,275
Kenley Jansen,38,DET,RP,,3.222646394,2.470026113,56,47.47427098,19.85715666,58.33414694,24.44471087,25.6596,3.928614247,1.202346922,9.375130759,0,0,58,7.831067012,-2.935536444,0.622178086,149
Brandon Pfaadt,27,ARI,SP,,9.509858378,10.15756114,164,166.6525395,38.23725569,142.4234916,79.1894885,0,4.345764613,1.24932802,7.815923319,13,29.032,30,23.5448607,-2.941186553,-0.550426559,366
Braxton Ashcraft,26,PIT,RP,SP,7.598624733,8.948765613,133,128.266398,40.37279437,118.984222,57.96089559,0,3.922165867,1.267963853,8.051563893,13,20.836,39,14.45968999,-2.94459599,0.61311854,301
Garrett Cleavinger,31,TB,RP,,3.649550041,2.723504456,63,49.81341633,23.31564373,76.71134337,23.71290187,8.3529,3.387557409,1.160778731,10.95876334,0,0,65,7.080703597,-3.013998762,0.543715768,442
Dennis Santana,29,PIT,RP,,3.719592547,2.796649323,66,61.2912466,22.07366408,60.98113463,29.03381883,25.4651,3.959157114,1.263104707,8.315609267,0,0,67,7.379590209,-3.105263524,0.452451006,190
Braxton Garrett,28,MIA,SP,,6.468063193,7.807624675,117,115.0653291,28.3104321,104.2311726,51.56288806,0,3.966376005,1.225433856,8.017782505,10,21.436,26,13.96210773,-3.244666003,-0.853906008,456
Adrian Morejon,27,SD,RP,,4.443656064,2.592867383,67,57.75501836,20.21710468,65.80676231,24.45663982,3.2732,3.285220275,1.16376303,8.83971434,0,0.3,68,6.407362088,-3.264914489,0.292800041,380
Bubba Chandler,23,PIT,SP,,8.143413285,9.064456805,142,133.5998265,47.5525089,131.0251723,65.49451158,0.1,4.151060593,1.275720672,8.304412326,12,26.284,31,17.63313842,-3.273595705,-0.882835711,159
Clay Holmes,32,NYM,SP,,9.811886798,9.135968109,146,140.3625122,53.9856302,112.6349376,63.5566169,0,3.917873645,1.331151661,6.943249581,13,26.708,29,13.53592063,-3.277144423,-0.886384429,293
Trevor Rogers,28,BAL,SP,,8.997982927,7.595151883,140,134.4459439,45.20200444,123.8740701,64.70892206,0,4.159859276,1.283199631,7.963333078,12,25.684,25,17.91510547,-3.291384829,-0.900624835,153
Foster Griffin,30,WSN,SP,,6.743539537,8.740417005,123,116.7742913,35.59791361,123.2741727,56.42726666,0,4.12882439,1.238798414,9.020061419,11,20.536,28,15.13058289,-3.295920629,-0.905160635,503
Mitch Keller,29,PIT,SP,,9.898618529,11.18985332,172,170.6970354,51.60689977,152.195548,82.64631426,0,4.324516444,1.292464739,7.963720537,14,30.356,31,21.82388536,-3.312550036,-0.921790041,323
Quinn Priester,25,MIL,SP,RP,8.881167599,8.218001673,142,137.2675007,46.51642624,118.1257102,64.01731913,0,4.057435719,1.294253007,7.486840785,13,23.76,26,16.9463865,-3.317886424,-0.92712643,252
Edwin Uceta,28,TB,RP,,3.896525566,2.940936952,65,53.98788352,24.09968242,78.14881325,26.68147892,10.119,3.69435862,1.201347168,10.82060491,0,0,62,8.526690005,-3.36536097,0.19235356,279
Zebby Matthews,25,MIN,SP,,6.744322541,7.854411681,113,110.1579925,29.43854171,110.4889656,51.08593545,0,4.068791319,1.23536756,8.800006111,10,19.988,27,16.29155174,-3.389748135,-0.998988141,311
Mike Burrows,26,HOU,SP,,6.978167261,8.227693068,124,113.3071054,41.25153556,122.2218829,57.20065632,0,4.151660539,1.246440653,8.870943113,10,23.76,31,18.10387504,-3.397537492,-1.006777498,330
Chad Patrick,27,MIL,SP,,7.682077508,8.931829484,140,129.8376739,44.93271316,128.866441,66.36886216,0,4.266569711,1.248359907,8.284271207,11,25.684,28,22.43017445,-3.418063577,-1.027303583,343
Robert Suarez,34,ATL,RP,,3.610322699,2.57180269,64,56.28096635,19.50675285,68.31749784,26.0771804,11.1905,3.667103494,1.184183113,9.607148134,0,0,64,7.564051434,-3.433689418,0.124025111,197
Will Vest,30,DET,RP,,3.887398141,2.705961322,67,59.57529819,21.04010943,66.2545567,25.61501008,7.7342,3.440822249,1.203215039,8.899865825,0,0,65,6.028901091,-3.485499799,0.07221473,276
Shane Smith,25,CHW,SP,,7.888520428,10.07680182,155,142.4592226,56.86439982,145.5163623,73.0036262,0,4.238920231,1.285958854,8.449337166,12,28.732,29,20.9662004,-3.543482816,-1.152722822,283
Carlos Estevez,33,KC,RP,,3.316599965,3.010292154,62,58.7946912,21.86950389,56.22076981,30.44718749,31.8434,4.419753023,1.301035405,8.161079488,0,0,64,8.795252045,-3.55771453,0,110
Gabe Speier,30,SEA,RP,,3.466508415,2.030681767,56,45.1382137,16.45362108,67.37544829,19.6564842,0.15,3.159077819,1.099854193,10.82819705,0,0,62,6.093078793,-3.595862736,-0.038148206,539
Logan Henderson,23,MIL,SP,,5.730314887,6.421256825,94,84.12234719,28.8043417,102.199066,42.54122586,0,4.073096093,1.201347754,9.785016955,8,16.416,27,15.11986728,-3.598954772,-1.208194778,284
Yusei Kikuchi,34,LAA,SP,,8.714329875,11.11131444,163,154.7456481,59.52670741,163.3170217,77.86665285,0,4.29938574,1.314554328,9.017504267,13,30.056,31,24.77450965,-3.62398038,-1.233220386,313
Jameson Taillon,34,CHC,SP,,8.835497998,9.239031617,149,147.6634539,35.59397987,116.223263,73.56408963,0,4.443468501,1.229915663,7.020197096,11,27.308,27,24.32292939,-3.639611346,-1.248851352,305
Chris Bassitt,37,BAL,SP,,10.21124893,10.64474727,167,162.2175228,57.23455145,149.5229004,80.63219695,0,4.34544774,1.314084277,8.058120383,14,28.432,34,22.80469772,-3.651999771,-1.261239776,298
Jack Leiter,25,TEX,SP,,8.520174356,9.739901068,148,132.1563666,60.06523941,145.0265911,70.609343,0,4.293811399,1.298794635,8.819184594,11,27.908,28,21.48922022,-3.661338893,-1.270578898,256
Matt Brash,27,SEA,RP,,3.427690597,2.407473727,62,50.19952505,24.69078453,73.02767838,21.69867318,3.0223,3.149807397,1.207908219,10.60079202,0,0.3,60,5.382570623,-3.666679351,-0.108964821,404
Ryan Weathers,26,NYY,SP,,6.83889856,6.452737681,107,97.70038568,36.85756884,104.7271948,48.25157681,0,4.058543844,1.257550977,8.808829471,10,18.788,27,14.80262681,-3.702752224,-1.31199223,300
Brady Singer,29,CIN,SP,,9.681578496,10.80760492,169,164.5475814,55.26630958,154.096682,82.7097812,0,4.404662904,1.300673911,8.206332177,13,30.956,31,24.87300323,-3.724362717,-1.333602723,296
Seranthony Dominguez,31,CHW,RP,,3.131319347,2.95111327,60,49.65842287,27.94954479,67.62400731,25.35462778,19.0744,3.803194167,1.293466128,10.1436011,0,0,63,7.271336855,-3.732501035,-0.174786505,280
Will Warren,26,NYY,SP,,7.621741606,8.16252354,132,122.649502,48.21593008,123.0565118,60.47208586,0,4.123096763,1.294435092,8.390216715,12,22.812,37,17.69332943,-3.738825585,-1.348065591,321
Jared Jones,24,PIT,SP,,5.812648593,6.274952554,100,90.24247949,33.54886708,95.35519992,43.55503921,0,3.919953529,1.237913466,8.581967993,9,18.264,22,12.45706606,-3.739249659,-1.348489664,368
Jacob Lopez,27,ATH,SP,,7.440395138,7.526468844,119,106.1712742,46.1780202,133.2546553,56.71176204,0,4.28912486,1.280246172,10.07808317,10,21.736,23,18.00070552,-3.740971731,-1.350211737,359
Kodai Senga,33,NYM,SP,,7.724073373,7.702668783,122,107.4544957,54.20550159,120.2974903,54.26087524,0,4.002851452,1.325081945,8.874405024,11,20.888,30,14.70511441,-3.776539939,-1.385779945,275
Alex Vesia,29,LAD,RP,,3.810854609,2.138280078,61,46.78295678,24.58939894,77.91567674,24.09662451,2.0763,3.555239682,1.170038618,11.49575558,0,0,64,8.511464819,-3.833945468,-0.276230938,351
Parker Messick,25,CLE,SP,,6.639526246,7.778497612,124,118.2793694,38.49468644,112.8219939,56.81293038,0,4.123519141,1.264306902,8.188693103,10,23.536,22,15.95355137,-3.850798488,-1.460038494,310
Ian Seymour,27,TB,RP,SP,5.664073298,6.450461349,106,97.1573369,32.4662414,96.31412456,47.8102026,0,4.059356825,1.222863946,8.17761435,11,14.792,35,14.9503449,-3.886532872,-0.328818343,286
Zach Eflin,31,BAL,SP,,8.266763896,8.303417361,132,136.2663005,25.86125067,103.4532416,64.76848698,0,4.416033203,1.228239024,7.05363011,11,22.26,27,20.78650258,-3.893520615,-1.502760621,388
Clayton Beeter,27,WSN,RP,,3.121637005,2.639542475,65,53.28644152,32.02797678,73.13852327,27.38563274,16.702,3.791856841,1.312529512,10.12687245,0,2.7,52,7.166036693,-3.940236959,-0.38252243,380
Louis Varland,28,TOR,RP,,4.270358298,3.098717384,79,72.50240595,23.2880802,69.36160617,31.89202153,2.4559,3.633268276,1.212537799,7.901955133,0,4.2,62,9.101728949,-3.969309284,-0.411594754,450
Tanner Scott,31,LAD,RP,,3.739697603,2.361626837,63,52.50679344,24.64243944,69.25023488,24.99179942,5.7788,3.570257059,1.224590998,9.892890697,0,0,63,6.839464256,-4.018106879,-0.460392349,361
Phil Maton,32,CHC,RP,,3.552830139,2.581533495,62,52.12105421,23.56777527,71.68193312,24.78802776,6.1039,3.598262094,1.220787572,10.4054419,0,0,63,6.860627052,-4.018341342,-0.460626812,416
Dylan Lee,31,ATL,RP,,3.361985151,2.340542162,64,55.94192566,18.03644953,71.36044786,25.72100181,1.5051,3.61701588,1.155912112,10.03506298,0,0,66,8.707439121,-4.104587243,-0.546872714,603
Orion Kerkering,24,PHI,RP,,3.962849423,2.487716955,63,53.67294725,22.50937247,65.48611741,23.88768291,1.7047,3.41252613,1.20924317,9.355159631,0,0,66,6.265159112,-4.110825595,-0.553111066,552
Hunter Harvey,31,CHC,RP,,3.145296451,2.024285091,52,44.31041914,14.59050717,55.54797382,19.71246534,4.4719,3.411772847,1.132710121,9.614072392,0,0.3,50,5.479801719,-4.116985557,-0.559271027,510
Slade Cecconi,26,CLE,SP,,7.753307587,9.653227608,145,144.4299168,37.01620788,121.0781888,71.63424403,0,4.446263423,1.251352584,7.515197925,11,26.108,27,23.57795299,-4.160958383,-1.770198389,409
Matt Strahm,34,KC,RP,,3.561153229,2.602546659,63,54.16064453,18.92884712,69.08883262,25.91240074,2.4055,3.701771534,1.160150661,9.869833232,0,0.6,64,8.353068205,-4.16187072,-0.60415619,355
Tyler Mahle,31,SF,SP,,7.223864143,7.412423496,122,118.6992173,37.89278871,104.7130557,56.97455849,0,4.2030412,1.283541033,7.724733619,9,23.584,22,15.98029966,-4.268501344,-1.877741349,367
Camilo Doval,28,NYY,RP,,3.825209656,2.451379309,64,51.9715176,30.18959815,68.50588677,24.57467817,5.1188,3.455814118,1.283767434,9.633640326,0,0,66,5.712337153,-4.279101832,-0.721387302,403
Michael McGreevy,25,STL,SP,,7.808129733,8.895686782,141,146.8200979,33.71073755,94.24997503,65.26231027,0,4.165679379,1.280360535,6.015955853,12,24.436,28,16.28209136,-4.279110961,-1.888350966,441
Chris Martin,39,TEX,RP,,2.863171176,2.379008966,50,45.75922121,10.416194,50.87931984,19.26745339,5.2344,3.468141611,1.123508304,9.158277571,0,0,51,5.664888075,-4.295715053,-0.738000523,
Max Meyer,26,MIA,SP,,6.59763323,8.49943776,118,113.7552621,37.92761189,115.30565,55.45405979,0,4.229546933,1.285448085,8.794498732,10,21.36,25,15.42808658,-4.296100055,-1.90534006,404
Taj Bradley,24,MIN,SP,,7.309424429,9.126918934,135,127.4189958,48.10239077,121.8417101,63.75631411,0,4.250420941,1.300158419,8.122780672,11,24.436,31,18.64764091,-4.307300176,-1.916540182,382
Eduard Bazardo,26,SEA,RP,,3.481390638,2.450968761,67,57.06041488,22.7324092,68.28519836,26.70714352,1.0074,3.587526741,1.190937673,9.172638586,0,0,66,8.140727563,-4.315536139,-0.757821609,
Kevin Ginkel,31,ARI,RP,,3.350085462,2.202391051,58,52.97331326,21.06289663,61.25502502,24.97643603,13.4679,3.875653866,1.276486377,9.505090089,0,0,57,6.147270684,-4.315626287,-0.757911757,412
Robert Stephenson,33,LAA,RP,,2.615815382,2.205867212,50,42.71379478,16.05952344,59.26361804,22.01199662,11.7355,3.962159392,1.175466364,10.66745125,0,0,48,7.50878249,-4.348218889,-0.790504359,408
Jose Alvarado,30,PHI,RP,,3.472395847,2.149308684,58,48.74088332,22.97524983,64.77810595,22.18232124,3.764,3.442084331,1.236485054,10.05177506,0,0,58,5.558091572,-4.362862413,-0.805147883,491
Tyler Holton,29,DET,RP,SP,3.822641954,3.311516232,74,68.66916914,18.82819239,57.96610991,30.24259973,1.1468,3.678154022,1.182396778,7.049932286,0,1.8,69,8.540859616,-4.385581428,-0.827866898,502
Bryan Baker,31,TB,RP,,3.527585545,2.598958159,62,52.24070551,21.52984815,68.97318916,25.63646958,2.4727,3.721423004,1.18984764,10.01223714,0,0,64,7.972927475,-4.390822045,-0.833107515,
Riley O'Brien,31,STL,RP,,3.249025632,2.544754472,61,53.76658952,26.95490848,64.17310877,25.18728511,12.9785,3.716156819,1.323303246,9.468163589,0,0,56,5.404240804,-4.40788158,-0.85016705,327
Fernando Cruz,35,NYY,RP,,3.590920863,2.462750962,57,44.56859776,26.11279127,77.96334788,22.8866478,2.2594,3.613681231,1.240024369,12.3100023,0,0.3,56,6.91255143,-4.417621045,-0.859906515,528
Steven Matz,34,TB,RP,,6.36543085,9.262404672,113,112.2077188,29.11367014,94.42347054,53.34796308,0.2,4.248952812,1.250631761,7.520453406,10,18.136,39,15.50412146,-4.420898385,-0.863183855,456
Drew Anderson,31,DET,SP,,4.240141624,4.419714536,94,80.56380332,36.77816348,93.64325012,41.1526014,0,3.940142687,1.248318796,8.965843097,0,10.672,46,10.79422613,-4.422389109,-2.031629115,
Luke Weaver,32,NYM,RP,,3.87508143,2.951119374,67,59.88442544,22.16382376,71.15434882,29.54663676,5.7563,3.968951206,1.224600734,9.558046857,0,1.5,61,9.536088906,-4.435242493,-0.877527964,372
Zack Littell,30,CIN,SP,,8.035087234,9.711949654,153,156.6377156,32.62686856,112.3871154,77.35449514,0,4.55026442,1.237023426,6.611006789,12,25.984,28,25.25673786,-4.435701851,-2.044941857,388
Andrew Kittredge,35,BAL,RP,,3.542527256,2.4006611,57,52.84416794,15.18507602,60.12161766,23.87434258,5.2935,3.769633039,1.193495508,9.492886999,0,0.3,57,7.300558309,-4.454354138,-0.896639608,460
Jared Koenig,32,MIL,RP,,3.765111582,2.721017225,67,58.83805514,23.00991766,65.05599066,26.71773728,1.4949,3.588949784,1.221611534,8.738864417,0,1.5,63,7.221340642,-4.455788583,-0.898074053,648
Nick Martinez,35,TB,SP,RP,8.032013467,10.70569407,141,141.8890804,37.75435578,104.6526973,68.43693604,0,4.368315066,1.274066923,6.6799594,13,20.712,44,20.00248048,-4.484974718,-2.094214723,427
JoJo Romero,29,STL,RP,,3.444729204,3.053630189,62,56.78096901,24.19320077,56.670895,25.40076197,11.5409,3.687207383,1.306034997,8.226420242,0,0,63,5.853270937,-4.500539902,-0.942825373,398
A.J. Minter,32,NYM,RP,,3.154019236,2.223805301,52,42.49343344,17.4852213,57.11059872,19.81046892,1.2875,3.428735006,1.153435668,9.884526701,0,0,54,5.737905411,-4.501802702,-0.944088172,611
Bryan King,29,HOU,RP,,3.646847679,2.557036176,65,58.40779531,19.43655999,63.97290728,26.23942865,0.857,3.63315166,1.197605466,8.857787161,0,0,65,7.58464616,-4.505408385,-0.947693855,575
Dustin May,28,STL,SP,,7.367057028,9.827830012,144,134.8260594,52.73927975,126.3618161,69.11394978,0,4.319621861,1.302537077,7.897613508,13,23.884,30,17.58250456,-4.510222362,-2.119462368,403
Landen Roupp,27,SF,SP,,6.814484507,8.187232001,117,110.9240361,45.50363905,109.4257818,52.81603358,0,4.062771814,1.336988676,8.417367828,10,21.736,27,12.86946709,-4.541472733,-2.150712738,418
Caleb Thielbar,39,CHC,RP,,3.508044587,2.425855005,60,51.23850394,19.32383479,63.44804199,24.50084072,0.918,3.675126108,1.176038979,9.517206298,0,0,63,7.540653056,-4.547734303,-0.990019773,
Noah Cameron,26,KC,SP,,8.313186193,8.410339695,142,140.4769181,45.51684233,121.0548393,68.92606598,0,4.368553478,1.309815214,7.672489812,11,26.284,26,19.64486261,-4.554433776,-2.163673781,241
Michael Wacha,34,KC,SP,,9.257133537,10.15109326,159,159.6367329,46.58202251,123.8722731,79.10115968,0,4.477424133,1.296973304,7.011638101,12,28.432,29,22.95405083,-4.563771909,-2.173011915,336
Michael Soroka,28,ARI,SP,RP,5.358611693,5.919370096,93,84.8185882,34.39122605,88.62222517,41.96408645,1.676,4.061040624,1.28182596,8.576344371,10,12.568,39,11.17187993,-4.567479417,-2.176719423,385
Matthew Liberatore,26,STL,SP,,7.856067318,10.0949932,144,142.9358149,44.08903383,117.8768311,69.58475245,0,4.349047028,1.298783672,7.367301943,11,26.708,29,19.00902022,-4.574815887,-2.184055892,424
Jason Adam,34,SD,RP,,3.277859031,2.487036948,56,45.94179141,20.45171223,57.51884792,21.58050796,0.8077,3.468295922,1.185598279,9.244100559,0,0,58,6.218932131,-4.632396776,-1.074682246,411
Tyler Rogers,35,TOR,RP,,4.015172319,2.750818048,71,70.37389697,15.22507504,46.06048918,29.06145699,2.8059,3.683846661,1.205619324,5.838653558,0,0,73,7.441606396,-4.640964906,-1.083250377,355
Justin Verlander,43,DET,SP,,7.866902311,8.670004118,139,132.3487878,45.676734,112.0719305,68.55330823,0,4.438703411,1.280759149,7.25645593,11,25.684,26,20.90652256,-4.651480795,-2.2607208,356
Max Scherzer,41,TOR,SP,,5.33856317,6.246931909,98,89.99247644,27.54039639,82.60978564,47.3871109,0,4.351877532,1.199315029,7.586612967,8,16.94,28,16.56709329,-4.663934943,-2.273174948,476
Roki Sasaki,24,LAD,SP,,6.540555392,5.828297307,103,94.70077389,38.96657,98.53201512,48.30425248,0,4.220759926,1.297741203,8.609593554,9,17.364,29,13.42620661,-4.675348494,-2.2845885,212
Shawn Armstrong,35,CLE,RP,,3.387825619,2.995567614,65,58.66622299,19.9871151,66.07687734,27.86999904,3.3786,3.858922944,1.210051355,9.149106093,0,0.9,65,7.97689112,-4.685878787,-1.128164257,410
Aaron Ashby,27,MIL,RP,,4.480450393,3.344187303,82,71.60129785,37.28002982,78.04920457,32.75117932,0.9449,3.594641633,1.327821069,8.566376111,0,4.848,57,6.75306556,-4.686524579,-1.128810049,
Matt Svanson,27,STL,RP,,3.189754788,2.60707416,67,62.18656627,23.59526957,62.11039976,27.4398635,6.9896,3.685951813,1.280325908,8.343188028,0,0.3,56,6.348459488,-4.705272664,-1.147558134,391
Steven Okert,34,HOU,RP,,3.457840817,2.469192359,61,50.8855862,21.66811779,69.64586168,25.92860538,0.6,3.825531941,1.189404984,10.27561894,0,0.3,63,8.883190228,-4.713036494,-1.155321964,
Yimi Garcia,35,TOR,RP,,2.864556497,1.935348215,51,42.55506158,17.65172941,58.11144565,20.6302423,3.7619,3.640630994,1.180525313,10.254961,0,0,50,6.227636733,-4.71922878,-1.16151425,
Kyle Harrison,24,MIL,SP,RP,4.86579974,5.177840209,103,91.73482341,39.21773477,88.82549991,46.15562,0,4.03301534,1.27138406,7.761451448,9,19.464,27,14.31091975,-4.738741651,-2.347981657,
Robert Gasser,26,MIL,SP,,4.424078284,4.334052406,78,72.12794923,24.35864969,72.68300114,33.99600997,0,3.922616535,1.237007678,8.386500132,8,11.744,29,10.52937982,-4.742503706,-2.351743712,
Dean Kremer,30,BAL,SP,,7.936697006,9.02548474,138,135.7099636,42.86217281,112.9899896,67.92020315,0,4.429578467,1.294000989,7.368912366,12,22.512,34,21.36651423,-4.753317616,-2.362557621,392
Cole Sands,28,MIN,RP,,3.701282464,3.161174214,68,63.45675285,20.64593947,64.32172663,29.93148269,4.7347,3.961519768,1.236804299,8.513169701,0,1.2,65,7.931668142,-4.798082082,-1.240367552,
Kumar Rocker,26,TEX,SP,,5.507742735,6.426320332,93,88.50887874,29.66220418,83.90994345,42.64979034,0,4.127399065,1.270656806,8.120317108,8,16.04,28,11.95619901,-4.803194381,-2.412434386,
Hunter Gaddis,27,CLE,RP,,3.49076917,3.083571592,71,64.70646617,22.54073553,66.85133935,31.19671714,3.5786,3.954513441,1.228833827,8.474113439,0,2.1,64,9.954091362,-4.840956251,-1.283241721,363
Grant Holmes,29,ATL,SP,,6.206838647,7.985062036,105,99.33475215,39.95063466,110.3248101,49.48274706,0,4.24137832,1.326527493,9.456412293,10,16.088,30,13.98460146,-4.883193857,-2.492433862,441
A.J. Puk,30,ARI,RP,,2.698443033,1.542723116,45,37.98997679,14.94340548,40.11022061,17.05256861,4.9781,3.410513723,1.176297384,8.022044122,0,0.6,47,4.910005804,-4.905388475,-1.347673945,
Brayan Bello,26,BOS,SP,,9.37973701,9.50119512,157,157.7135597,55.52236054,122.9714096,75.14516323,0,4.307684517,1.358190575,7.049316473,13,28.508,29,18.17296406,-4.917926926,-2.527166932,283
Taylor Rogers,35,MIN,RP,,3.021693837,2.345146531,56,51.0349729,23.92016575,58.92943577,25.54362116,15.13,4.105224829,1.338484619,9.470802178,0,0,58,6.796335211,-4.919929663,-1.362215133,436
Jose Berrios,31,TOR,SP,,7.43696121,8.539492612,135,132.3995978,41.95227545,110.2627919,66.74235284,0,4.449490189,1.291495358,7.350852794,13,19.988,39,20.04146507,-4.952710472,-2.561950478,369
Gregory Soto,31,PIT,RP,,3.361767483,2.817175652,60,53.22776532,24.66932507,64.21185437,24.59874513,4.2299,3.689811769,1.29828484,9.631778156,0,0,63,5.262451367,-5.007628192,-1.449913662,
Kyle Finnegan,34,DET,RP,,3.442483197,2.606022692,61,56.2421822,21.07320811,57.56032107,26.574861,6.5374,3.920881131,1.267465415,8.492506387,0,0.3,60,7.00547136,-5.011655166,-1.453940636,307
Justin Sterner,29,ATH,RP,,3.411571573,2.885646542,64,57.88190003,22.96265825,67.4621431,30.36249821,8.5478,4.269726311,1.263196223,9.486863874,0,0.3,60,10.043773,-5.048717228,-1.491002698,382
Andrew Nardi,27,MIA,RP,,2.857738136,1.99107833,52,43.13691316,20.18262611,63.5705078,20.74033086,0.25,3.589672649,1.217683448,11.00258789,0,0,51,6.27153037,-5.051912609,-1.494198079,
Angel Zerpa,26,MIL,RP,,3.32298517,2.733355405,62,56.58299499,20.32437738,53.22058414,24.43837519,0,3.547506076,1.24044149,7.725568666,0,1.5,60,6.245131978,-5.11072559,-1.55301106,
Cade Cavalli,27,WSN,SP,,6.288130191,7.908142114,128,126.0747248,43.37002642,109.3710261,60.64784155,0,4.264301359,1.323787119,7.690150274,10,24.784,22,14.63730175,-5.163504359,-2.772744365,392
Paul Sewald,35,ARI,RP,,2.761805783,1.969040356,52,46.95896954,16.94335138,56.1275644,25.01212523,10.0042,4.329021674,1.228890787,9.714386145,0,0.3,51,8.104526395,-5.177854267,-1.620139737,
Ben Brown,26,CHC,SP,RP,3.267832635,3.767266979,63,56.07456824,21.82455555,56.43444276,25.77510913,0.1,3.682158448,1.236494028,8.062063251,0,5.824,35,7.18165764,-5.187522782,-2.796762787,
Bennett Sousa,30,HOU,RP,,2.923479465,1.921343019,48,41.16010128,16.94494409,50.28977338,18.93543724,1.05,3.550394483,1.210521779,9.429332508,0,0,48,5.778737484,-5.221008827,-1.663294297,650
Drew Pomeranz,37,LAA,RP,,2.736438002,2.445567725,55,48.33951088,19.05759873,61.53641067,24.22327069,3.6627,3.963807932,1.225401993,10.06959447,0,1.2,57,7.489944124,-5.240366979,-1.682652449,578
Keegan Akin,30,BAL,RP,,3.649677737,2.656273462,65,59.01928836,23.48717321,64.61354262,29.06602828,3.0935,4.024526993,1.269330178,8.946490516,0,0.9,63,8.912835079,-5.262764028,-1.705049498,
Jordan Leasure,27,CHW,RP,,3.183725874,3.162850719,62,52.39359827,27.2771697,69.63172902,28.04860424,4.9855,4.071571583,1.285012387,10.10783163,0,0.3,63,8.652048412,-5.274713632,-1.716999103,363
Mason Montgomery,25,PIT,RP,,3.103263847,2.900206905,67,59.09344338,28.13723347,69.51031871,27.77670946,1.4149,3.731199778,1.301950401,9.337206991,0,3.3,55,7.433735545,-5.297663778,-1.739949248,
Hunter Barco,25,PIT,SP,,4.658826387,5.650275296,88,81.49051718,33.36537101,77.62839159,39.50488111,0,4.040271932,1.305180548,7.939267322,9,14.068,37,9.708394433,-5.325544668,-2.934784674,
Lucas Erceg,30,KC,RP,,3.728102389,2.597409256,60,55.55527348,22.48821825,56.47976417,25.90401348,4.0609,3.885602022,1.300724862,8.471964625,0,0,60,5.647303239,-5.331426195,-1.773711665,456
Blake Treinen,37,LAD,RP,,3.199589883,1.643200262,50,43.41718693,18.34325198,57.35768127,21.00269763,0.7763,3.780485574,1.235208778,10.32438263,0,0.3,50,6.179026436,-5.337977725,-1.780263195,664
Mark Leiter Jr.,34,ATH,RP,,3.64141957,2.824293554,60,55.83920727,22.8860415,67.81196797,27.80185907,6.1104,4.170278861,1.31208748,10.1717952,0,0.3,59,7.917447566,-5.341098115,-1.783383586,
Brooks Raley,37,NYM,RP,,3.256580325,2.228720495,53,47.02045349,18.28600773,55.92497025,22.80697142,1.2688,3.872881938,1.232197382,9.496693061,0,0.3,54,6.593555692,-5.368428362,-1.810713833,634
Simeon Woods Richardson,25,MIN,SP,,7.33322821,8.804968618,131,125.5004211,48.51137954,116.0022689,65.21162388,0,4.4801879,1.328334356,7.969621529,10,24.36,29,19.00124729,-5.370505418,-2.979745424,357
Corbin Burnes,31,ARI,SP,,3.657867068,3.581884074,74,68.2664474,25.0626356,47.72168446,30.42581769,0,3.700437287,1.261203824,5.803988651,8,11.796,12,7.550726782,-5.371340997,-2.980581002,377
Kirby Yates,38,LAA,RP,,2.725453437,2.450411346,52,42.88031228,23.88699361,63.93409114,23.64688673,6.5669,4.092730396,1.283986652,11.06551577,0,0,53,6.973992391,-5.371824754,-1.814110224,324
Graham Ashcraft,28,CIN,RP,,3.903469629,3.919979261,65,62.19039756,22.27222258,55.31347285,27.48981291,1.8097,3.806281787,1.299424925,7.658788548,0,0,64,6.882802659,-5.405234294,-1.847519764,
Eduardo Rodriguez,32,ARI,SP,,7.686480941,9.067762978,131,130.8269877,44.67233111,114.9478232,65.23778863,0,4.481985479,1.339689457,7.897178696,10,23.236,29,17.90219956,-5.434977087,-3.044217092,456
Seth Lugo,36,KC,SP,,8.670924494,9.5324672,152,153.1916186,50.14267329,129.6711921,77.34587474,0,4.579689951,1.337725605,7.677899532,12,26.408,27,22.42699666,-5.456630618,-3.065870624,317
Kody Funderburk,29,MIN,RP,,3.579881406,2.263955086,65,60.52664579,26.3260655,60.1093469,27.49469627,3.6898,3.806957945,1.336195558,8.322832648,0,0.6,56,5.617722707,-5.463174559,-1.905460029,
Cody Bradford,28,TEX,SP,,3.888050574,4.695530796,71,68.40306968,17.56023802,57.20364604,33.00188829,0,4.183337953,1.210750813,7.251166399,8,9.82,29,10.85646672,-5.465809304,-3.07504931,
Aaron Bummer,32,ATL,RP,,3.274370099,2.417807672,57,53.08828815,21.30666903,60.2787572,22.89700048,0,3.615315865,1.305174687,9.517698506,0,0.3,52,4.30822174,-5.473640991,-1.915926461,
Ryan Weiss,29,HOU,SP,,5.389788069,6.530130445,104,97.05756163,38.1862011,87.9801377,49.77460379,0,4.307417636,1.300420795,7.613665762,11,13.844,39,13.68639231,-5.47871114,-3.087951146,
Brusdar Graterol,27,LAD,RP,,2.77042167,1.452731978,46,42.30230437,12.41570074,34.95079291,17.39625572,0,3.40361525,1.18952185,6.838198613,0,0,46,4.090136874,-5.490966229,-1.933251699,
Brant Hurter,27,DET,RP,,3.174213604,2.897987035,63,59.70596906,19.89181087,50.86519486,25.79276592,0.2,3.684680846,1.263456824,7.266456409,0,3.6,46,6.19410634,-5.497260794,-1.939546264,
Luis Severino,32,ATH,SP,,8.917415196,10.15846596,161,162.171879,51.37577493,129.1420979,82.57328571,0,4.615897959,1.326382943,7.219123485,13,27.532,28,23.61367695,-5.5053762,-3.114616206,411
Tanner Banks,34,PHI,RP,,3.403218196,2.408126054,62,58.92796098,17.45128943,56.82949515,27.58178722,0.1,4.003807822,1.231923394,8.249442844,0,0.6,61,8.139457254,-5.527308875,-1.969594345,
Luis Gil,27,NYY,SP,,6.155563428,5.561668921,97,83.10767951,47.28132294,92.17846049,46.79360282,0,4.341674489,1.34421652,8.552640664,10,13.468,36,13.98008825,-5.567142034,-3.17638204,298
Erik Sabrowski,28,CLE,RP,,2.81811636,2.454530185,56,44.49572591,29.91841885,73.42623428,23.59742,1,3.792442501,1.328824014,11.80064479,0,0.3,53,6.400927705,-5.576637046,-2.018922516,
Jordan Romano,32,LAA,RP,,2.868395906,2.798501412,56,49.62855048,20.67112468,61.26785814,25.94591409,3.7627,4.169879051,1.255351342,9.846620058,0,0,55,7.916740687,-5.593312663,-2.035598133,
Tommy Nance,34,TOR,RP,,2.960971722,1.884151843,56,52.68822538,17.45954562,54.84752225,23.60211706,0,3.793197385,1.252638768,8.814780362,0,0.3,50,6.094964638,-5.605858354,-2.048143824,
Ryan Thompson,33,ARI,RP,,3.329471392,2.525086146,59,57.93181241,17.84445476,51.35645377,25.91770304,3.363,3.953547922,1.284343511,7.834035321,0,0,57,5.872258218,-5.615703239,-2.057988709,
Hoby Milner,35,CHC,RP,,3.32675291,2.419327253,60,58.45243696,17.61358415,51.97610508,25.30903652,0,3.796355478,1.267767018,7.796415762,0,0,61,6.602673604,-5.626734622,-2.069020092,
Jeffrey Springs,33,ATH,SP,,8.882911967,10.30174921,156,156.1783461,49.8321262,133.8117619,82.24692599,0,4.745014961,1.32057995,7.719909342,11,28.132,29,26.36297934,-5.645068194,-3.2543082,396
Joe Boyle,26,TB,SP,,4.548140792,5.860646302,87,71.82403087,46.91139022,84.71421822,38.79158175,0,4.01292225,1.364774955,8.763539816,8,14.668,26,9.584334289,-5.663923856,-3.273163862,439
Erik Miller,28,SF,RP,,3.261710163,2.368206677,58,49.35505529,30.42101722,60.50890733,23.98380751,3.49,3.721625304,1.375449526,9.389313206,0,0.9,56,5.301592173,-5.671062556,-2.113348026,
Braydon Fisher,25,TOR,RP,,3.098141849,1.886791805,53,44.88957361,23.31777324,56.44932005,22.29558616,0.15,3.786042934,1.286931073,9.585733594,0,0.3,54,6.42624051,-5.701614933,-2.143900403,
Victor Vodnik,26,COL,RP,,3.087886044,3.185271688,62,61.74531418,29.3776485,57.75272329,30.53511532,20.4309,4.432516741,1.469725204,8.383459832,0,0,59,6.793944854,-5.705269249,-2.147554719,384
Tony Santillan,28,CIN,RP,,3.304426545,2.997598192,68,60.7707911,29.14947432,71.9843172,32.11922637,4.9694,4.251074079,1.322356844,9.5273361,0,0,71,9.497079973,-5.710780628,-2.153066098,384
Justin Slaten,28,BOS,RP,,3.430873111,2.571889365,56,52.53989397,18.8736656,54.39777179,24.74175173,0.95,3.976352957,1.275242135,8.742499038,0,0.3,50,6.954914279,-5.7163505,-2.15863597,609
Tyler Kinley,35,ATL,RP,,3.484200144,2.686047114,61,53.09760152,25.7583035,64.2038008,27.53290948,0.6,4.062232546,1.292719754,9.472691922,0,0,63,7.841396099,-5.738111459,-2.180396929,
Brendon Little,29,TOR,RP,,3.222865008,2.217929793,56,47.92708717,29.39916875,57.68984993,21.35960164,0.1,3.43279312,1.380825999,9.271583024,0,0,61,4.449676335,-5.746798143,-2.189083613,646
Yennier Cano,31,BAL,RP,,3.304468459,2.741323642,60,56.77177093,21.41629182,52.06839745,25.58834259,1.3478,3.838251389,1.303134379,7.810259617,0,0,62,5.852323118,-5.766346165,-2.208631635,
Matt Festa,32,CLE,RP,,3.173393557,2.645274294,58,52.32751913,20.77226947,57.91225935,25.96541162,0.15,4.029115596,1.260341183,8.986385072,0,0,58,7.65835208,-5.774480689,-2.21676616,
Cristian Javier,28,HOU,SP,,7.277661262,8.286741206,131,119.6117419,53.43214412,123.4026047,68.78592851,0,4.725750814,1.320945695,8.478041542,9,24.908,22,22.53073092,-5.793270324,-3.40251033,386
Brad Keller,30,PHI,RP,,3.713368734,2.883937749,72,67.33917761,28.7437757,63.24418084,32.17700246,2.4093,4.022125308,1.334485463,7.905522605,0,2.4,61,8.025940859,-5.802742134,-2.245027604,403
Mason Englert,26,TB,RP,,2.750540673,2.643661705,63,60.32205467,18.25907867,58.01449694,28.36077904,0.5076,4.051539863,1.247319577,8.287785277,0,1.5,49,8.314219899,-5.820173415,-2.262458885,
Jack Dreyer,27,LAD,RP,SP,2.965925317,1.902912559,57,51.10792613,21.04215712,51.54278314,24.8565576,0.55,3.924719622,1.265790934,8.13833418,0,1.2,57,7.408779991,-5.846386909,-2.288672379,600
Janson Junk,30,MIA,SP,RP,4.787038551,5.805388197,95,99.77407255,20.81327776,62.62633571,45.66505185,0.1,4.326162807,1.26934053,5.933021278,0,11.62,37,12.60096035,-5.856204945,-3.465444951,
Calvin Faucher,30,MIA,RP,,3.01368643,2.854562002,61,57.4459652,25.82315928,61.5576682,27.7534378,6.445,4.094769511,1.365067614,9.082278915,0,0.3,62,6.798113664,-5.870606676,-2.312892146,466
Elvis Alvarado,27,ATH,RP,,3.202478036,2.209485124,60,52.60418224,27.69504516,64.78413566,27.59605993,3.7552,4.13940899,1.338320457,9.717620349,0,0,54,7.563350811,-5.878599997,-2.320885468,
Kyle Leahy,28,STL,RP,,5.769516781,8.388949366,108,108.7645222,36.7495565,89.9298049,51.87609542,0.1,4.323007952,1.347352581,7.494150408,0,11.916,53,13.31601575,-5.883459051,-2.325744522,485
Anthony Bender,31,MIA,RP,,3.04817574,2.798025411,57,52.63753777,21.74260686,54.47269997,24.96708778,1.709,3.942171755,1.304914818,8.600952627,0,0,56,6.142950086,-5.88973957,-2.33202504,
Kevin Kelly,28,TB,RP,,2.408282637,2.146302293,49,46.93480384,12.03800416,37.61242387,20.37006785,0,3.741441033,1.203526694,6.908404384,0,0.3,48,5.490325968,-5.894805644,-2.337091114,
J.T. Ginn,26,ATH,SP,RP,4.211822538,5.011503055,82,78.82931521,29.0446179,67.20563275,37.72008446,0,4.14000927,1.31553577,7.376227984,8,12.944,30,9.781812626,-5.908911694,-3.5181517,
Luis Morales,23,ATH,SP,,6.470103574,8.277490395,117,110.8744797,44.45433006,99.39509615,59.1445415,0,4.549580116,1.327596665,7.645776627,10,19.988,29,17.67539541,-5.923717118,-3.532957123,405
Patrick Sandoval,29,BOS,SP,,4.762865271,5.606035168,88,83.83657962,36.55268377,71.33112955,39.27701323,0,4.016967262,1.368059811,7.295229158,9,12.044,38,8.820006153,-5.931070816,-3.540310822,
Johan Oviedo,27,BOS,SP,,5.342638396,6.065503038,99,91.36291726,42.67691296,89.56338073,47.4443068,0,4.3131188,1.353937679,8.142125521,9,16.416,32,12.65142721,-5.941932039,-3.551172045,422
Brent Headrick,28,NYY,RP,,2.637826692,2.08996841,53,48.00693939,17.31136831,50.29083986,23.58555081,0,4.005093534,1.2324209,8.539953939,0,2.1,42,7.462342406,-5.944294517,-2.386579987,
David Morgan,26,SD,RP,,2.898751948,2.525292225,59,52.46345999,24.11077903,60.81561902,25.95718244,0,3.959570203,1.297868458,9.276958833,0,0.3,52,7.058699534,-5.945263939,-2.38754941,
Jovani Moran,28,BOS,RP,,2.833243024,2.078488976,52,46.22010209,22.14926703,56.23902591,22.05677019,0,3.817517918,1.31479556,9.733677561,0,0.9,47,5.206722514,-5.980265758,-2.422551228,
Brandon Sproat,25,MIL,SP,,4.35595864,5.984987099,90,84.74040093,33.48992568,62.41513378,41.24526564,0,4.124526564,1.313670296,6.241513378,8,15.568,31,10.51844492,-5.987015532,-3.596255538,463
Sean Newcomb,32,CHW,RP,SP,3.17330917,3.939881417,70,65.71357389,28.03468821,65.88470953,31.0659527,1.3442,3.994193918,1.339260887,8.470891226,0,2.524,53,7.744314805,-5.990240579,-2.432526049,
Jonah Tong,22,NYM,SP,,2.857991551,3.133174703,52,44.69149575,22.04361774,38.98461283,21.03629627,0,3.640897431,1.283367567,6.747336835,5,9.648,18,5.563135038,-5.994126336,-3.603366342,359
Aaron Civale,30,ATH,SP,RP,6.879130745,8.523102271,124,122.9268454,39.63477142,108.1095624,65.25313777,0.1,4.736114838,1.310980781,7.846661788,9,22.86,24,20.60833704,-5.996076696,-3.605316702,
Jakob Junis,33,TEX,RP,,3.016396255,3.016751286,66,64.41753232,17.39362114,54.04869615,31.030878,0.4961,4.231483364,1.239562931,7.370276747,0,1.2,57,9.129534711,-6.016099893,-2.458385363,
Justin Topa,34,MIN,RP,,3.238597329,2.816395137,59,59.82543414,18.53608335,49.78247332,27.06720747,4.4398,4.128896055,1.328161313,7.593936608,0,0.3,56,5.784623348,-6.04384365,-2.48612912,
Sam Hentges,29,SF,RP,,2.206039705,1.703352537,43,40.09607059,14.11068542,41.55113991,17.14865231,0,3.58925281,1.260622233,8.696750213,0,0.3,44,3.951635726,-6.046675279,-2.488960749,
Richard Fitts,26,STL,SP,,5.782532328,8.245086842,118,118.8515549,36.40885322,89.54373557,58.68094707,0,4.475665454,1.31576617,6.82960695,9,22.336,28,16.75245124,-6.049734128,-3.658974133,
Adrian Houser,33,SF,SP,,7.469091252,8.80842149,140,144.8389031,46.55531118,101.5135362,68.23938571,0,4.386817653,1.367101531,6.525870183,11,24.784,25,15.77209371,-6.052856151,-3.662096157,454
Jacob Latz,29,TEX,RP,SP,4.854437635,6.017545238,96,86.69016112,43.97492757,89.18379345,45.83771452,0.1,4.297285736,1.361094674,8.360980636,0,9.868,45,12.74660666,-6.082047181,-2.524332651,
Connelly Early,23,BOS,SP,,2.817830602,2.785641196,57,53.03676993,21.46943359,47.11625204,23.89906073,0,3.773535905,1.307126378,7.439408216,6,9.772,20,5.840499934,-6.093743125,-3.70298313,254
Grant Anderson,28,MIL,RP,,2.832717096,2.959893926,59,53.44736207,22.87807286,57.73126315,26.4502928,0,4.034790427,1.29365144,8.80646387,0,0,58,7.878236046,-6.098524575,-2.540810046,
Greg Weissert,31,BOS,RP,,3.717327288,3.130049899,64,62.03221532,22.2692477,56.56215741,30.00167179,1.0586,4.218985095,1.31721036,7.954053386,0,0,65,8.142633538,-6.160165293,-2.602450763,
PJ Poulin,29,WSN,RP,,2.845664336,2.299612641,60,55.75246573,24.70588596,57.57008244,27.14212344,2.7805,4.071318516,1.340972528,8.635512366,0,0.6,57,6.593860811,-6.166846295,-2.609131765,
Bryce Elder,26,ATL,SP,,7.060581364,8.330922128,132,134.8057283,44.33395502,99.10202131,65.553539,0,4.469559477,1.357118813,6.756955999,11,22.812,27,16.66266235,-6.179512234,-3.788752239,
Josh Sborz,32,TEX,RP,,2.618075856,2.239486927,52,46.30913877,19.92114635,53.0205173,23.56148445,0,4.077949232,1.273659329,9.176627994,0,0,51,6.488495237,-6.183317164,-2.625602634,
Griffin Canning,29,SD,SP,,5.840924207,6.969039193,105,101.1664607,40.70859215,88.12121798,51.96251723,0,4.453930048,1.35119098,7.553247255,8,18.564,26,15.34301856,-6.186150803,-3.795390809,
Eric Orze,28,MIN,RP,,3.202403227,2.503729612,61,55.48629131,26.33719519,60.84809381,27.62204047,0.7949,4.075383021,1.341368631,8.977587612,0,0,53,7.142760084,-6.187775805,-2.630061275,
John Schreiber,31,KC,RP,,3.069127986,2.722540403,62,58.68267412,22.01908746,56.60238915,28.60210726,0.7555,4.151918796,1.301641316,8.216475844,0,0,65,7.402655542,-6.188221425,-2.630506895,
Joel Payamps,31,ATL,RP,,2.683204388,2.09420685,53,50.58572038,16.53812591,48.51131431,23.87350052,0,4.053990654,1.266487666,8.237770354,0,0,53,6.849424257,-6.199303579,-2.641589049,
Eric Lauer,30,TOR,SP,RP,3.820017539,3.732873042,71,67.83050695,23.9880897,58.00833076,34.04529383,0,4.315600627,1.293219671,7.353168688,0,6.724,40,10.94953938,-6.238382905,-3.84762291,431
Brock Burke,29,CIN,RP,,3.165902581,2.635268896,62,60.05200304,19.97475216,53.99253267,29.13467839,0.6548,4.229227508,1.290754116,7.83762571,0,0.3,63,8.450265404,-6.255604588,-2.697890058,
Tim Herrin,29,CLE,RP,,2.983938163,2.513166164,54,47.62401191,25.76970488,53.12018789,23.0224996,0,3.837083267,1.359142904,8.853364648,0,0,56,5.354885443,-6.260788043,-2.703073513,
Evan Phillips,31,LAD,RP,,1.818386624,1.295635758,34,29.54254937,10.77159597,25.94041251,13.37485879,0.25,3.540403797,1.185710157,6.866579781,0,0,40,3.880048347,-6.271379868,-2.713665338,
Pierce Johnson,34,CIN,RP,,2.936128623,2.459238774,57,52.33089989,22.53048225,62.47548035,27.34002912,1.2548,4.316846703,1.313357581,9.864549529,0,0,60,8.442596751,-6.280240942,-2.722526413,
Andrew Painter,22,PHI,SP,,5.604796027,7.188642992,108,106.6876681,37.68048673,90.05377772,54.34202402,0,4.528502001,1.336742174,7.504481477,8,19.764,28,16.322807,-6.283567198,-3.892807203,315
David Festa,25,MIN,SP,,3.266002426,4.380826206,60,56.59317937,21.83811528,51.94568992,27.74105263,0.15,4.161157894,1.307188244,7.791853488,6,9.996,20,7.659926127,-6.313907695,-3.923147701,
Hogan Harris,29,ATH,RP,,3.479616179,3.186272527,74,69.0268308,35.16491381,66.70178197,36.34276818,9.1174,4.4200664,1.407996549,8.112378888,0,2.7,56,9.466022983,-6.329721255,-2.772006725,
Chris Paddack,30,MIA,SP,RP,6.333920301,9.998551333,133,138.4908999,34.27778687,95.95201036,69.3469617,0.1,4.692651543,1.299012682,6.492993182,10,22.936,34,21.03356737,-6.329955138,-3.939195143,
Ryne Stanek,34,STL,RP,,3.12549223,3.030252745,56,50.2173435,26.42227381,56.59706666,26.37988245,3.5512,4.239623966,1.368564595,9.095957142,0,0,59,7.32184402,-6.337760976,-2.780046446,
Mick Abel,24,MIN,SP,,6.082801,7.863569385,124,116.8340741,52.86874072,106.6595988,61.82194472,0,4.487076633,1.368571087,7.741422494,9,23.236,28,16.13568422,-6.352493176,-3.961733182,477
Brenan Hanifee,27,DET,RP,,2.822726686,2.601105978,61,61.8700015,17.19697522,42.49375439,26.86073269,0,3.963058922,1.296179946,6.26957032,0,1.2,55,6.141553651,-6.362038447,-2.804323917,
Justin Lawrence,31,PIT,RP,,3.006400818,2.624707435,57,52.4679468,25.73996906,55.79643373,25.45103374,1.2575,4.018584274,1.372068699,8.809963221,0,0,53,5.405567962,-6.382341772,-2.824627242,
Ryan Brasier,38,TEX,RP,,2.082111685,1.789483869,44,41.02417104,13.02139127,37.32292784,19.59119311,0,4.007289499,1.228308234,7.63423524,0,0.3,44,5.541329347,-6.404664312,-2.846949782,
Kade Strowd,28,ARI,RP,,3.172681318,2.427031305,59,55.92624544,25.09778552,57.32307587,27.15145711,2.026,4.141747695,1.37328866,8.744198014,0,0,55,6.057862545,-6.404886666,-2.847172136,
Dietrich Enns,34,BAL,RP,,3.731536862,3.921907055,77,76.62851592,26.54841368,62.99327028,36.19415662,0.2,4.230485838,1.339960125,7.362849773,0,5.7,47,10.3743777,-6.4168828,-2.85916827,
Jose Butto,27,SF,RP,,3.194857406,3.564325521,66,61.90901101,27.871438,58.60181179,30.78957087,2.29,4.198577847,1.360309834,7.991156153,0,0.3,61,7.457694304,-6.435396713,-2.877682184,
Jonathan Bowlan,29,PHI,RP,,2.895279016,2.477437512,63,60.25751217,22.46028599,55.21734197,29.16669022,0,4.166670031,1.312980923,7.888191709,0,2.4,49,8.231474135,-6.438618532,-2.880904002,
Wandy Peralta,34,SD,RP,,2.954169301,2.634372746,58,53.98137177,24.44881207,47.43263287,25.0649379,0,3.889386915,1.352244549,7.360236134,0,0.3,60,5.581371975,-6.439824367,-2.882109837,
Cole Henry,26,WSN,RP,,2.456160437,2.613808327,59,53.80828948,30.05453226,58.88424525,30.37863455,13.0136,4.634028999,1.421403758,8.982342496,0,0.6,58,8.250831845,-6.443701922,-2.885987392,
Jacob Webb,32,CHC,RP,,2.91196405,2.414490586,56,50.67872103,21.48748816,51.35141492,26.66283537,0.1,4.285098542,1.288682307,8.252905969,0,0,54,7.773412276,-6.450445438,-2.892730908,
Ryan Yarbrough,34,NYY,RP,SP,3.222333652,3.140465673,64,62.11460282,19.44096015,50.75256949,31.04752578,0.1,4.366058312,1.274305671,7.137080084,0,3.724,39,9.563374323,-6.450513782,-2.892799252,
Isaac Mattson,30,PIT,RP,,3.039825995,2.870763292,63,57.70733149,27.94734109,61.61555504,29.90623171,2.3149,4.272318816,1.359597977,8.802222149,0,0.3,57,8.094854565,-6.466040224,-2.908325694,
Nick Mears,29,KC,RP,,3.141993617,2.408989828,57,53.61707234,21.6418352,56.3449272,27.20918363,0.1,4.296186889,1.320331711,8.896567453,0,0,59,7.407132854,-6.470858802,-2.913144272,
Ryan Fernandez,27,STL,RP,,2.601721966,2.284580158,50,45.77703747,21.57976746,51.52425288,22.26183131,0.1,4.007129637,1.347136099,9.274365518,0,0,45,5.663530852,-6.494656737,-2.936942208,
Caleb Ferguson,29,CIN,RP,,2.998523412,2.512363885,57,53.99391913,21.95963968,50.95616209,26.09410982,0,4.120122602,1.332518576,8.045709804,0,0.3,61,6.273218461,-6.502910187,-2.945195657,
Ryan Zeferjahn,27,LAA,RP,,3.098283509,2.710992772,56,48.22573457,28.74663324,64.28926437,26.61151831,0.8542,4.276851157,1.374506568,10.3322032,0,0.3,56,7.686665233,-6.507917196,-2.950202666,
Cole Sulser,35,TB,RP,,2.569875165,2.181579254,53,49.79205203,19.00473445,49.43296282,24.61918529,0,4.18061637,1.298052575,8.394276705,0,0.3,49,6.980047907,-6.516871534,-2.959157004,
Jimmy Herget,32,COL,RP,,3.344803745,3.386915851,74,74.65831309,23.4239553,68.9298888,37.49026694,2.7916,4.55962706,1.325436059,8.383364854,0,0,66,11.28420967,-6.524107505,-2.966392976,
Drey Jameson,28,ARI,SP,,3.178457602,2.467573215,64,62.55297717,24.03676722,54.31036091,30.09963774,2.0391,4.232761557,1.352964756,7.637394503,0,3.6,43,7.216762246,-6.527246369,-4.136486374,
Andre Pallante,27,STL,SP,,7.474591687,9.804206311,134,137.5277418,51.28999547,89.98908669,64.24312771,0,4.314836936,1.409087591,6.044043136,11,24.06,27,12.7142872,-6.545056944,-4.15429695,
Colin Rea,35,CHC,SP,RP,4.686051121,6.318690275,94,95.45878241,28.42891981,64.36396821,46.70438631,0.1,4.471696562,1.317954279,6.162507594,10,12.22,37,13.90097894,-6.573024999,-4.182265004,478
Lance McCullers Jr.,32,HOU,SP,,5.343589703,6.868897714,95,87.46477364,46.35507645,92.7121273,46.96696989,0,4.44950241,1.408630001,8.783254165,7,17.588,25,12.23696288,-6.589242317,-4.198482322,
Adbert Alzolay,30,NYM,RP,,2.048228498,1.639217008,39,36.65090625,12.03986028,37.03318348,17.82234388,0,4.112848587,1.248481193,8.546119265,0,0.3,38,5.351689022,-6.599197113,-3.041482584,
Trevor McDonald,25,SF,SP,,4.103068045,5.719052124,88,89.0706889,29.36153097,58.04619522,41.38420275,0,4.232475281,1.34582068,5.936542693,9,12.22,32,9.27243531,-6.617220334,-4.22646034,
Rhett Lowder,23,CIN,SP,,5.135016227,6.346048227,113,114.0045785,35.92432753,79.20091962,56.90845374,0,4.532531714,1.326804478,6.308037846,8,21.612,28,15.89216408,-6.651904376,-4.261144382,456
Jack Perkins,26,ATH,RP,,2.080133857,1.916580896,44,38.57284436,19.18314681,34.51166173,18.88925454,0.3,3.863711156,1.312636163,7.059203535,0,4.2,25,4.876136681,-6.673249774,-3.115535244,
Brad Lord,26,WSN,RP,SP,5.472528826,10.85881558,101,104.5330905,33.90943257,78.62159953,50.36706478,0.15,4.488154288,1.37071805,7.005885107,11,12.868,48,12.51061282,-6.683075317,-3.125360787,
Spencer Arrighetti,26,HOU,SP,,4.633468978,6.627173538,90,83.07425881,40.54696148,86.66353,45.44549426,0,4.544549426,1.373569114,8.666353,8,14.492,23,13.45618985,-6.685926708,-4.295166713,356
Clarke Schmidt,30,NYY,SP,,2.348102299,2.901266251,47,42.57812901,17.75661238,30.8737454,20.86180218,0,3.994813183,1.283717902,5.9119938,5,6.948,17,6.183656837,-6.695526819,-4.304766825,
DL Hall,27,MIL,RP,,2.844185496,2.348769235,56,51.11081862,24.9111323,50.01737713,25.70508847,0,4.131174933,1.357534838,8.038507039,0,3.6,39,6.686080926,-6.712046962,-3.154332432,
Spencer Bivens,31,SF,RP,,3.244220989,3.276289519,70,71.30997992,22.88256978,51.2174969,32.77788009,0.6,4.214298868,1.345607853,6.585106744,0,0.3,60,7.888434984,-6.712545057,-3.154830527,
Javier Assad,28,CHC,SP,,3.772469456,3.568037962,73,70.98196768,28.06402622,50.81196476,34.23164222,0,4.220339452,1.356794437,6.264488806,0,7.024,38,8.882070112,-6.740821218,-4.350061224,
Scott Barlow,33,ATH,RP,,2.974119602,2.556581647,56,49.6645491,29.05921984,58.51919392,26.78089603,2.2035,4.304072576,1.405781588,9.404870451,0,0.3,60,6.570509682,-6.7481281,-3.19041357,
Ben Casparius,27,LAD,RP,,3.438541303,2.802854381,63,59.4930502,23.761114,54.09598557,31.45204455,0.2,4.493149221,1.32149467,7.727997939,0,2.7,48,9.600852137,-6.750478185,-3.192763655,570
Davis Martin,29,CHW,SP,,7.15091428,10.55280474,144,146.1904919,49.48002953,112.9298133,75.12497106,0,4.695310691,1.358823066,7.058113329,10,26.708,27,21.27635944,-6.772945384,-4.38218539,
Cole Winn,26,TEX,RP,,2.859088015,2.803949548,67,62.4941646,30.57117412,56.12578719,32.27704274,4.4266,4.335722159,1.389034906,7.539284847,0,1.8,51,8.333673014,-6.784907918,-3.227193389,
Julian Fernandez,30,WSN,SP,,2.118028156,1.904918837,42,39.97052775,15.64656287,42.70487195,19.53423802,0.5,4.185908148,1.324216443,9.15104399,0,0.9,42,5.451606693,-6.787924266,-4.397164271,
Austin Warren,30,NYM,RP,,2.641478339,1.996130153,46,43.59955266,16.72311897,36.95126077,21.46169997,0,4.199028256,1.311362427,7.229594498,0,0.9,42,5.970698103,-6.789905135,-3.232190605,
Yuki Matsui,30,SD,RP,,2.339767481,2.276783687,50,44.50182017,23.01811819,48.55459842,23.05801217,0.1,4.150442191,1.350398767,8.739827715,0,0,52,6.881887029,-6.802605525,-3.244890996,
Jason Foley,30,SF,RP,,1.711755533,1.604819166,37,36.85905352,10.34954687,21.54807136,15.11550349,0,3.676744093,1.275908119,5.241422762,0,0,43,3.275210012,-6.803081346,-3.245366816,
Hunter Dobbins,26,STL,SP,,4.311404888,5.548471265,83,85.50676565,26.81118488,64.09255529,41.16191298,0,4.463339962,1.35322832,6.949795152,7,13.592,24,10.46963448,-6.811364913,-4.420604918,
Juan Mejia,25,COL,RP,,3.231959051,3.125074045,66,63.73487995,29.21581601,68.67748233,33.12792771,3.7874,4.517444688,1.408343878,9.365111227,0,0,62,8.384411973,-6.811412213,-3.253697684,
Matt Gage,33,SF,RP,,2.52311833,2.246106705,55,54.75107168,20.04233326,47.42342926,25.24600359,0.5,4.131164223,1.35988009,7.760197514,0,0.6,51,5.83920683,-6.821193403,-3.263478873,
Ian Hamilton,30,ATL,RP,,1.955574885,1.856808202,44,40.30727404,19.85194506,45.71461759,19.55061074,0,3.99898856,1.36725498,9.350717235,0,0.3,41,4.611238545,-6.857669116,-3.299954586,
Jonathan Loaisiga,31,ARI,RP,,2.130240573,1.726639302,41,41.37577601,12.69577647,30.97502215,18.20805306,0,3.996889697,1.318818353,6.799395105,0,0.3,41,4.161674022,-6.892146467,-3.334431937,
Connor Phillips,24,CIN,RP,,2.981197486,2.64080581,62,55.00598194,29.90851685,60.22658969,30.47307119,0.75,4.423510335,1.36958869,8.742569471,0,3.6,49,8.617103779,-6.898021159,-3.340306629,
Anthony Kay,30,CHW,SP,,6.28761241,10.60564826,127,127.2162701,47.87643249,104.9601416,65.50120347,0,4.641817569,1.378682697,7.438120271,11,20.712,30,16.68160898,-6.91638512,-4.525625125,
Taylor Clarke,32,ARI,RP,,2.511111199,2.173485757,53,54.11845515,14.71868006,43.68170624,26.05283333,0.1,4.424066038,1.298813872,7.417648229,0,0.9,50,7.461541753,-6.917928736,-3.360214206,
Jordan Hicks,29,CHW,RP,SP,2.717087535,3.632111979,60,56.41373919,27.32544797,48.86406429,27.26501194,0.85,4.08975179,1.395653119,7.329609644,0,3.3,45,5.979885399,-6.919268835,-3.361554305,
Sean Burke,26,CHW,SP,RP,6.621249919,10.43216802,136,129.4307222,58.96940194,131.4780869,72.14516851,0,4.774312622,1.385295031,8.70075575,10,24.784,27,22.34666158,-6.922986969,-4.532226975,461
Liam Hendriks,37,MIN,RP,,1.45504584,1.186570004,28,26.22398288,10.08863681,25.145487,13.09474328,2.7246,4.209024626,1.296879275,8.082477966,0,0.3,30,3.655368485,-6.962268662,-3.404554132,
Brady Basso,28,ATH,RP,,2.352800721,2.48330739,48,47.71722885,16.52704466,40.73340328,22.51615266,0,4.221778624,1.338422365,7.637513115,0,4.2,30,6.248137552,-6.96608052,-3.40836599,
Porter Hodge,25,CHC,RP,,1.9534159,1.664443315,38,33.57259166,19.58700027,36.80077469,16.33893261,0.35,3.869747197,1.39893663,8.715972953,0,1.5,35,4.072160497,-6.973087494,-3.415372964,
Craig Kimbrel,37,NYM,RP,,1.837844608,1.759307139,34,28.55925232,17.00624557,29.71077802,15.18572796,0,4.019751519,1.340161703,7.864617711,0,0,40,4.342464759,-7.058695017,-3.500980487,
Gage Jump,22,ATH,SP,,2.988868192,3.973267295,64,62.81341097,20.6888781,33.82135343,30.96316213,0,4.354194675,1.304723267,4.756127826,4,14.144,16,8.653820345,-7.07190325,-4.681143256,
Hurston Waldrep,23,ATL,SP,,4.525257818,4.900959085,83,80.94695129,35.41335721,60.14150323,40.51873825,0,4.393598124,1.401931428,6.52136782,7,15.268,15,9.355218049,-7.109088959,-4.718328965,311
JP Sears,30,SD,SP,,3.236288692,5.137291112,68,67.71549402,21.31600638,47.91061114,34.86621285,0,4.614645819,1.309286771,6.341110298,6,10.548,23,11.95582573,-7.132140021,-4.741380027,493
Mike Vasil,25,CHW,RP,,3.841387939,5.164609114,86,84.65005036,35.47076266,63.38144971,41.93982231,1.0471,4.389051172,1.39675364,6.632942411,0,3.6,62,10.62841408,-7.167221381,-3.609506851,
Cade Gibson,28,MIA,RP,,3.152108687,3.226351273,65,65.75887619,25.23318099,50.51373778,30.97892189,0,4.289389185,1.399877803,6.994209847,0,1.8,51,6.601403587,-7.196390187,-3.638675658,
Jose Urquidy,30,PIT,SP,,4.647314863,6.628686066,90,92.20322161,27.69333308,66.22052562,47.99690917,0,4.799690917,1.332183941,6.622052562,7,14.616,29,14.08204465,-7.225324065,-4.83456407,
Kendry Rojas,23,MIN,SP,,2.054955962,2.79265,52,51.38009945,19.16087978,36.23697574,24.292185,0,4.204416635,1.356557293,6.271784262,0,6.3,34,6.001673676,-7.27737538,-4.886615386,
AJ Blubaugh,25,HOU,RP,,2.672727112,3.426537035,66,62.6999782,26.78131151,46.99638353,32.4508792,0,4.425119892,1.355777117,6.408597754,0,7.024,33,9.416417265,-7.337209239,-3.779494709,
Logan Allen,27,CLE,SP,,6.354433483,9.638104024,125,127.4358968,48.86195537,93.53467531,63.78285844,0,4.592365808,1.410382818,6.734496622,9,22.512,29,17.76176448,-7.35507446,-4.964314466,
Yariel Rodriguez,28,TOR,RP,,1.884468802,1.71092245,45,40.98924591,21.67449421,34.36669195,20.88862107,0.2,4.177724214,1.392527558,6.87333839,0,2.4,45,5.605409246,-7.392046179,-3.834331649,615
Colton Gordon,27,HOU,SP,RP,2.025997307,1.995615119,54,55.742964,16.68984732,34.61229146,26.13441286,0.1,4.355735476,1.341348358,5.768715244,6,6.9,25,8.018884769,-7.425648735,-5.034888741,
River Ryan,27,LAD,SP,,2.717275725,3.047881261,51,49.79036478,20.77265298,38.10631613,25.47351595,0,4.495326345,1.383588583,6.724644023,4,10.12,16,7.34498375,-7.458604196,-5.067844202,
Luinder Avila,24,KC,RP,,2.157176647,1.984471932,50,48.59169798,20.76384519,33.55284926,23.560396,0,4.240871279,1.387110863,6.039512867,0,4.5,35,5.169682393,-7.464161924,-3.906447394,
Stephen Kolek,28,KC,SP,,4.248118106,5.270307557,87,93.28882796,28.1579101,50.73166599,42.73104367,0,4.420452793,1.395939518,5.248103378,8,12.82,31,9.143560921,-7.480976707,-5.090216712,542
Gavin Stone,27,LAD,SP,,2.314829008,2.564179105,46,46.59535892,16.10954911,26.53653737,22.17796871,0,4.339167792,1.363150175,5.191931224,4,7.548,17,6.361418477,-7.481466211,-5.090706217,
Joel Peguero,28,SF,RP,,2.151747425,2.331847215,48,50.03636866,19.57124321,40.3818507,23.76993267,2.9601,4.456862376,1.450158581,7.571597005,0,0,48,5.523761243,-7.519081454,-3.961366924,576
Michael Kelly,33,ATH,RP,,2.798740693,2.895568583,55,54.34755816,23.52767825,49.33980226,29.27640886,2.6552,4.790685087,1.415913389,8.073785824,0,0,51,8.127062387,-7.540957317,-3.983242787,
Alexis Diaz,29,TEX,RP,,1.981282477,2.131563701,44,39.82470977,22.51123537,44.04752098,22.89653504,1.5,4.683382168,1.416726026,9.0097202,0,0,46,6.319518053,-7.577495255,-4.019780725,
Seth Halvorsen,26,COL,RP,,2.228916689,2.496224392,43,44.43049805,19.23651466,41.3250949,22.40859029,2.95,4.69017006,1.480628203,8.649438467,0,0,43,5.653174368,-7.671253927,-4.113539397,
Kohl Drake,25,ARI,SP,,1.954887961,2.475824242,36,37.18927634,13.27358244,21.6082837,17.98713505,0,4.496783763,1.401746077,5.402070925,3,7.248,9,5.012801158,-7.783077569,-5.392317574,
Jordan Montgomery,33,TEX,SP,,2.543336029,3.886063715,62,64.50681331,20.92998196,38.04238091,31.34002082,0,4.549357862,1.378012827,5.5222811,6,9.396,18,8.285648293,-7.79162051,-5.400860516,
Mitch Bratt,22,ARI,SP,,0.997251758,2.905533504,40,42.07717733,10.37557675,17.30729967,19.74226106,0,4.442008738,1.311318852,3.894142425,3,7.924,10,5.51488343,-7.866822616,-5.476062622,
Carson Whisenhunt,25,SF,SP,,2.182799728,3.664527081,54,55.75221577,20.04453395,30.37742589,26.80592501,0,4.467654169,1.403643513,5.062904315,5,9.348,19,6.764570267,-7.932389549,-5.541629555,
Hayden Birdsong,24,SF,RP,SP,3.061239088,4.705975029,66,62.40735418,33.29853538,54.64349057,34.01569411,0,4.638503742,1.450089236,7.451385078,5,11.92,21,9.168689893,-7.953984485,-4.396269956,
Josiah Gray,28,WSN,SP,,5.313280684,7.855575361,106,105.0280107,43.44614161,90.80147372,58.70137729,0,4.984079204,1.40069955,7.709559089,7,19.164,20,18.52722507,-7.979054382,-5.588294388,
Andrew Alvarez,26,WSN,SP,,3.182923928,6.041184031,73,77.13533749,28.27393223,46.68810549,36.62646039,0,4.515591007,1.443962599,5.7560678,7,10.972,31,8.205837209,-8.08023729,-5.689477295,
Caden Dana,22,LAA,SP,,4.483367788,6.913434645,98,95.68306888,41.99149826,79.95199425,54.23405425,0,4.980678451,1.404842522,7.342530084,6,18.14,17,17.01065061,-8.231818258,-5.841058264,
Randy Vasquez,27,SD,SP,,6.653719683,9.770357212,130,135.6750949,46.71130457,81.53538409,70.03011607,0,4.848238805,1.402972304,5.64475736,9,24.36,32,19.48466898,-8.241291706,-5.850531712,
Alek Manoah,28,LAA,SP,,3.891257392,5.907117837,75,76.55818619,30.27043727,65.48538303,42.35477441,0,5.08257293,1.424381646,7.858245964,5,14.192,15,11.89826363,-8.241607993,-5.850847999,
Jake Irvin,29,WSN,SP,,5.460954499,9.788299485,129,133.9773667,43.23656304,81.5000345,69.71893695,0,4.86411188,1.373751393,5.686048919,10,21.788,32,20.20434106,-8.251233154,-5.86047316,
Ryan Bergert,25,KC,SP,,3.069606556,5.219932962,71,72.1658713,29.66883301,51.44590567,38.01640555,0,4.818980985,1.43429161,6.521311987,5,12.52,26,10.32646568,-8.330440381,-5.939680387,
Thomas Harrington,24,PIT,SP,,1.143788068,4.724538732,42,45.44296634,13.06631221,18.41264485,21.99980767,0,4.714244501,1.393078061,3.945566754,3,7.624,16,6.381703528,-8.397909949,-6.007149955,
Walker Buehler,31,SD,SP,,2.692084996,5.077348994,61,63.10529167,26.30187976,35.48801223,32.91983847,0,4.857025348,1.465691335,5.235936231,5,9.472,25,8.903708544,-8.689024695,-6.2982647,543
Michael Lorenzen,34,COL,SP,,6.605539121,9.850581725,139,150.7260609,50.29368479,113.019244,81.59587702,0,5.283186282,1.446185221,7.317792776,8,25.384,26,23.39977698,-9.692076309,-7.301316315,
Chase Dollander,24,COL,SP,,5.222836872,9.008150602,113,119.2710163,49.72990657,96.44466586,67.06192861,0,5.341215553,1.495583388,7.681433564,5,22.936,23,18.11800218,-10.00528432,-7.614524327,
Jose Quintana,37,COL,SP,,6.67656804,9.754431473,139,156.5091221,54.84979489,95.41554263,83.7137779,0,5.420316555,1.520567748,6.177984775,8,25.084,25,21.15986992,-11.45667982,-9.065919821,
